<?xml version="1.0" encoding="UTF-8"?>
<foxml:digitalObject PID="fedora-system:ServiceDeployment-3.0" VERSION="1.1"
  xmlns:foxml="info:fedora/fedora-system:def/foxml#"
  xmlns:xsi="http://www.w3.org/2001/XMLSchema-instance" xsi:schemaLocation="info:fedora/fedora-system:def/foxml# http://www.fedora.info/definitions/1/0/foxml1-1.xsd">
  <foxml:objectProperties>
    <foxml:property NAME="info:fedora/fedora-system:def/model#state" VALUE="Active"/>
    <foxml:property NAME="info:fedora/fedora-system:def/model#label" VALUE="Content Model Object for Service Deployment Objects"/>
    <foxml:property NAME="info:fedora/fedora-system:def/model#ownerId" VALUE="fedoraAdmin"/>
    <foxml:property NAME="info:fedora/fedora-system:def/model#createdDate" VALUE="2008-07-02T05:09:43.796Z"/>
    <foxml:property NAME="info:fedora/fedora-system:def/view#lastModifiedDate" VALUE="2008-10-24T17:41:57.937Z"/>
  </foxml:objectProperties> 
  <foxml:datastream CONTROL_GROUP="X" ID="AUDIT" STATE="A" VERSIONABLE="false">
    <foxml:datastreamVersion CREATED="2008-07-02T05:09:43.796Z"
      FORMAT_URI="info:fedora/fedora-system:format/xml.fedora.audit" ID="AUDIT.0" LABEL="Audit Trail for this object" MIMETYPE="text/xml">
      <foxml:xmlContent>
        <audit:auditTrail xmlns:audit="info:fedora/fedora-system:def/audit#">
          <audit:record ID="AUDREC1">
            <audit:process type="Fedora API-M"/>
            <audit:action>modifyDatastreamByValue</audit:action>
            <audit:componentID>DS-COMPOSITE-MODEL</audit:componentID>
            <audit:responsibility>fedoraAdmin</audit:responsibility>
            <audit:date>2008-10-24T17:41:57.937Z</audit:date>
            <audit:justification>Modified DS-COMPOSITE-MODEL to include new versions of DSINPUTSPEC and METHODMAP</audit:justification>
          </audit:record>
        </audit:auditTrail>
      </foxml:xmlContent>
    </foxml:datastreamVersion>
  </foxml:datastream>  
  <foxml:datastream CONTROL_GROUP="X" ID="DC" STATE="A" VERSIONABLE="false">
    <foxml:datastreamVersion CREATED="2008-07-02T05:09:44.406Z"
      FORMAT_URI="http://www.openarchives.org/OAI/2.0/oai_dc/" ID="DC1.0"
      LABEL="Dublin Core Record for this object" MIMETYPE="text/xml">
      <foxml:xmlContent>
        <oai_dc:dc xmlns:dc="http://purl.org/dc/elements/1.1/" xmlns:oai_dc="http://www.openarchives.org/OAI/2.0/oai_dc/">
          <dc:title>Content Model Object for Service Deployment Objects</dc:title>
          <dc:identifier>fedora-system:ServiceDeployment-3.0</dc:identifier>
        </oai_dc:dc>
      </foxml:xmlContent>
    </foxml:datastreamVersion>
  </foxml:datastream>
  <foxml:datastream CONTROL_GROUP="X" ID="RELS-EXT" STATE="A" VERSIONABLE="false">
    <foxml:datastreamVersion CREATED="2008-07-02T05:09:44.406Z"
      FORMAT_URI="info:fedora/fedora-system:FedoraRELSExt-1.0" ID="RELS-EXT1.0"
      LABEL="RDF Statements about this object" MIMETYPE="application/rdf+xml">
      <foxml:xmlContent>
        <rdf:RDF xmlns:fedora-model="info:fedora/fedora-system:def/model#" xmlns:rdf="http://www.w3.org/1999/02/22-rdf-syntax-ns#">
          <rdf:Description rdf:about="info:fedora/fedora-system:ServiceDeployment-3.0">
            <fedora-model:hasModel rdf:resource="info:fedora/fedora-system:ContentModel-3.0"/>
          </rdf:Description>
        </rdf:RDF>
      </foxml:xmlContent>
    </foxml:datastreamVersion>
  </foxml:datastream>
  <foxml:datastream CONTROL_GROUP="X" ID="DS-COMPOSITE-MODEL" STATE="A" VERSIONABLE="false">
    <foxml:datastreamVersion CREATED="2008-07-02T05:09:44.406Z"
      FORMAT_URI="info:fedora/fedora-system:FedoraDSCompositeModel-1.0"
      ID="DS-COMPOSITE-MODEL1.0" LABEL="Datastream Composite Model" MIMETYPE="text/xml">
      <foxml:xmlContent>
        <dsCompositeModel xmlns="info:fedora/fedora-system:def/dsCompositeModel#">
          <dsTypeModel ID="RELS-EXT">
            <form FORMAT_URI="info:fedora/fedora-system:FedoraRELSExt-1.0" MIME="application/rdf+xml"/>
          </dsTypeModel>
          <dsTypeModel ID="METHODMAP">
            <form FORMAT_URI="info:fedora/fedora-system:FedoraSDepMethodMap-1.0" MIME="text/xml"/>
            <form FORMAT_URI="info:fedora/fedora-system:FedoraSDepMethodMap-1.1" MIME="text/xml"/>
          </dsTypeModel>
          <dsTypeModel ID="DSINPUTSPEC">
            <form FORMAT_URI="info:fedora/fedora-system:FedoraDSInputSpec-1.0" MIME="text/xml"/>
            <form FORMAT_URI="info:fedora/fedora-system:FedoraDSInputSpec-1.1" MIME="text/xml"/>
          </dsTypeModel>
          <dsTypeModel ID="WSDL">
            <form FORMAT_URI="http://schemas.xmlsoap.org/wsdl/" MIME="text/xml"/>
          </dsTypeModel>
        </dsCompositeModel>
      </foxml:xmlContent>
    </foxml:datastreamVersion>
  </foxml:datastream>
</foxml:digitalObject>
